product_id,from_cat,to_cat,rule,name
3292,732,493,explicit,Muscle Pump Wpc Instant Whey Kurabiye 30 Gr
3406,732,493,explicit,Muscle Pump Wpc Instant Whey Çilek 30 Gr
3302,734,733,explicit,Muscle Pump No Fat Thermo L-Carnitine Ananas 100 mL x 20 Shot
3303,734,733,explicit,Muscle Pump No Fat Thermo L-Carnitine Karpuz 100 mL x 20 Shot
3330,734,518,explicit,Muscle Pump Pre-Venom Powder Ananas 17 Gr
3333,734,518,explicit,Muscle Pump Pre-Venom Powder Ananas 20 Saşe
1773,686,801,explicit,Everlast Ayarlanabilir Siyah El Yayı
1830,686,817,explicit,Everlast Evergel Mouth Guard Mavi/Beyaz Dişlik
1831,686,817,explicit,Everlast Evergel Mouth Guard Yeşil/Beyaz Dişlik
1875,686,817,explicit,Everlast Double Mouth Guard Dişlik
1876,686,817,explicit,Everlast Everhield Single Mouth Guard Dişlik Siyah/Kırmızı
1877,686,817,explicit,Everlast Everhield Double Mouth Guard Dişlik Gri
1878,686,817,explicit,Everlast Everhield Double Mouth Guard Dişlik Siyah/Kırmızı
1879,686,699,explicit,Everlast Powerlock R Focus Lapa Siyah/Gri
2015,686,699,explicit,Everlast Core Paddle
2026,686,684,explicit,Everlast Evergel Hand Wraps Siyah/Pembe El Sargısı
1833,697,702,explicit,Everlast Elite Nevater 100 LB Boks Torbası
2033,686,814,explicit,Everlast Atlama İpi 335 cm
6404,375,801,explicit,10 Adet Tatami Minderi 100x100 cm 13 mm YEŞİL
6405,375,801,explicit,Tatami Minderi 100x100 cm 13 mm KIRMIZI
6406,375,801,explicit,10 Adet Tatami Minderi 100x100 cm 13 mm KIRMIZI
15505,375,801,explicit,Tatami Minderi 100x100 26 mm A Kalite Çift Taraflı
15507,375,801,explicit,Kendinden Yapışkanlı Duvar Koruma Minderi 1.20 Cm Boy
195,375,380,explicit,CAMPOUT Kış Konforu Uyku Tulumu
885,1088,373,1088:fallback,XTR Fitness T-Bar Rowing Sabitleyici Aparat
893,1088,373,1088:fallback,Bona Bosu Ball Denge Topu
894,1088,373,1088:fallback,Avec Profesyonel Bosu Ball Denge Topu
895,1088,390,1088:bike_glove,Boodun Profesyonel Luminous Bisiklet Eldiveni
896,1088,390,1088:bike_glove,Boodun Profesyonel Mtb Bisiklet Eldiveni
898,1088,390,1088:bike_glove,Boodun Profesyonel Bisiklet Eldiveni
899,1088,375,1088:yoga_pilates,Boodun Profesyonel Fitness ve Yoga Eldiveni
900,1088,373,1088:fallback,Boodun Profesyonel Fitness Eldiveni
904,1088,375,1088:yoga_pilates,JOINFIT PRO Anti-Burst Yoga ve Pilates Topu 75 Cm Koyu Gri
905,1088,373,1088:fallback,JOINFIT PRO Muscle Relaxation Foam Roller
14189,1088,707,1088:towel,Eprotein Fitness-Antrenman Havlusu Saks Mavi
14213,1088,707,1088:towel,Eprotein Fitness Antrenman Havlusu Kırmızı
14214,1088,707,1088:towel,Eprotein Fitness Antrenman Havlusu Siyah Kırmızı Logolu
14215,1088,707,1088:towel,Eprotein Fitness Antrenman Havlusu Siyah
14216,1088,707,1088:towel,Eprotein Fitness Antrenman Havlusu Turkuvaz
14222,1088,373,1088:fallback,Grenade Shaker 600 ml
14223,1088,662,1088:apparel,Sci-Mx Atlet
14228,1088,373,1088:fallback,Eprotein Lifting Straps Ağırlık Kayışı
14229,1088,662,1088:apparel,Sci-Mx Sportwear Sweat Kapüşonlu
14230,1088,373,1088:fallback,Hardline ince Bileklik Go Hard Or Go Home
14240,1088,662,1088:apparel,Full Power Gym Spor Atlet
14274,1088,662,1088:apparel,Full Power Gym Alt Eşofman Siyah
14275,1088,662,1088:apparel,Full Power Gym Alt Eşofman Lacivert
14278,1088,662,1088:apparel,Full Power Gym Alt Eşofman Beyaz Siyah Çizgili
14279,1088,662,1088:apparel,Full Power Gym Alt Eşofman Siyah Beyaz Çizgili
14294,1088,662,1088:apparel,Full Power Gym Ragtop Spor Tişört Beyaz Siyah Çizgili
14295,1088,662,1088:apparel,Full Power Gym Ragtop  Tişört Siyah
14300,1088,662,1088:apparel,Full Power Gym Ragtop Tişört Antrasit
14311,1088,662,1088:apparel,Full Power Gym Fileli Atlet Kırmızı
14312,1088,662,1088:apparel,Full Power Gym Fileli Atlet Beyaz
14313,1088,662,1088:apparel,Full Power Gym Fileli Atlet Hardal Sarısı
14330,1088,373,1088:fallback,AmazonBasics Direnç Lastiği ve Egzersiz Bandı Kırmızı
14335,1088,707,1088:towel,Cellucor Fitness Antrenman Havlusu Siyah
14337,1088,375,1088:yoga_pilates,Tusi Yoga Matı ve Pilates Minderi Kilim Desenli Mavi 6 mm
14338,1088,375,1088:yoga_pilates,Tusi Yoga Matı ve Pilates Minderi Kilim Desenli Mor
14339,1088,375,1088:yoga_pilates,Tusi Yoga Matı ve Pilates Minderi Pembe Düş
14340,1088,375,1088:yoga_pilates,Tusi Yoga Matı ve Pilates Minderi Cennet Çiçeği
14341,1088,375,1088:yoga_pilates,Tusi Yoga Matı ve Pilates Minderi Cennet Gezintisi
14342,1088,375,1088:yoga_pilates,Tusi Yoga Matı ve Pilates Minderi Egzotik Bahçe
14343,1088,375,1088:yoga_pilates,Tusi Yoga Matı ve Pilates Minderi Nilüfer Çiçeği
14344,1088,375,1088:yoga_pilates,Tusi Yoga Matı ve Pilates Minderi Aşk Barış Neşe
14345,1088,375,1088:yoga_pilates,Tusi Yoga Matı ve Pilates Minderi Geyik Desen
14347,1088,375,1088:yoga_pilates,Tusi Yoga Matı ve Pilates Minderi Mavi Gezinti
14348,1088,375,1088:yoga_pilates,Tusi Yoga Matı ve Pilates Minderi Mavi Düş
14349,1088,375,1088:yoga_pilates,Tusi Yoga Matı ve Egzersiz Minderi Kızılderili
14350,1088,375,1088:yoga_pilates,Tusi Yoga Matı ve Pilates Minderi Pragmatizm
14351,1088,375,1088:yoga_pilates,Tusi Yoga Matı ve Pilates Minderi Yıldız Desen
14352,1088,375,1088:yoga_pilates,Tusi Yoga Matı ve Pilates Minderi Mandala Desen
14356,1088,373,1088:fallback,Avec Fıstık Masaj Topu 3'lü Set
14358,1088,373,1088:fallback,Simo Şarjlı ve Titreşimli Profesyonel Masaj Aleti Siyah
14359,1088,373,1088:fallback,Simo Şarjlı ve Titreşimli Profesyonel Masaj Aleti
14360,1088,374,1088:weights,Avec Profesyonel Halter Seti ve Ağırlık Barı 20 Kg Sarı
14361,1088,374,1088:weights,Avec Profesyonel Halter Seti ve Ağırlık Barı 20 Kg Kırmızı
14362,1088,373,1088:fallback,Powerband Direnç Lastiği ve Egzersiz Bandı Sarı X-Light
14363,1088,373,1088:fallback,Powerband Direnç Lastiği ve Egzersiz Bandı Kırmızı Light
14364,1088,373,1088:fallback,Powerband Direnç Lastiği ve Egzersiz Bandı Siyah Medium
14365,1088,373,1088:fallback,Powerband Direnç Lastiği ve Egzersiz Bandı Mor X-Heavy
14366,1088,373,1088:fallback,Powerband Direnç Lastiği ve Egzersiz Bandı Yeşil Heavy
14367,1088,373,1088:fallback,Powerband Direnç Lastiği ve Egzersiz Bandı Lacivert Strong
14368,1088,373,1088:fallback,Xtr Fitness Profesyonel Dizlik Kırmızı Siyah
14383,1088,373,1088:fallback,Powerband Direnç Lastiği ve Egzersiz Bandı Hafif Direnç Seti 3 Adet
14384,1088,373,1088:fallback,Powerband Direnç Lastiği ve Egzersiz Bandı Yüksek Direnç Seti 3 Adet
14385,1088,375,1088:yoga_pilates,Tusi Yoga Matı ve Pilates Minderi Kilim Desenli Yeşil
14393,1088,373,1088:fallback,Boodun Profesyonel Fitness Ağırlık Eldiveni
14394,1088,373,1088:fallback,Boodun Profesyonel Fitness Eldiveni
14395,1088,805,1088:crossfit,Boodun Siyah Profesyonel Fitness ve Crossfit Eldiveni
14396,1088,373,1088:fallback,XTR Fitness Ayarlanabilir Step Tahtası
14397,1088,373,1088:fallback,Avec Profesyonel Ayarlanabilir Bench Sehpası
14398,1088,373,1088:fallback,XTR Fitness Tutunmalı Trambolin 106 cm
14399,1088,374,1088:weights,Avec Ayarlanabilir Dambıl Standı
14401,1088,373,1088:fallback,XTR Fitness Bilek Koruyucusu
14408,1088,373,1088:fallback,XTR Fitness Ağırlık Kemeri Siyah
14409,1088,373,1088:fallback,Xtr Fitness Rowing Bar Mideye Çekiş Aparatı Krom
14411,1088,373,1088:fallback,XTR Fitness Triceps Halatı Tek Kol
14414,1088,373,1088:fallback,XTR Fitness V Bar Triceps Aparatı
14415,1088,373,1088:fallback,XTR Fitness Lat Pull Dar Çekiş Aparatı
14422,1088,373,1088:fallback,Hardline Nutrition Pill Box Tabletlik
14471,1088,373,1088:fallback,XTR Fitness Triceps Halatı
14473,1088,662,1088:apparel,Grenade Kısa Kollu T-Shirt
14474,1088,374,1088:weights,XTR Fitness Dambıl Rack Standı (Ağırlıksız)
14475,1088,374,1088:weights,XTR Fitness Dambıl Rack Standı ve Ağırlık Seti
14477,1088,374,1088:weights,XTR Fitness Vinyl Neoprene Dambıl 1 Kg X 2 Adet
14478,1088,374,1088:weights,XTR Fitness Vinyl Neoprene Dambıl 2 Kg X 2 Adet
14479,1088,374,1088:weights,XTR Fitness Vinyl Neoprene Dambıl 3 Kg X 2 Adet
14480,1088,374,1088:weights,XTR Fitness Vinyl Neoprene Dambıl 4 Kg X 2 Adet
14481,1088,374,1088:weights,XTR Fitness Vinyl Neoprene Dambıl 5 Kg X 2 Adet
14482,1088,375,1088:yoga_pilates,XTR Fitness Yoga Matı Premium Gold Series 5 mm
14483,1088,805,1088:crossfit,XTR Fitness Crossfit Halatı 9m 38mm
14505,1088,373,1088:fallback,Powerband Direnç Lastiği X-Light Pembe
14506,1088,377,1088:cardio,Lofoo Sport HW3017 6095 Spin Bike
14507,1088,374,1088:weights,XTR Fitness Olimpik Z Bar 120 Cm Rulmanlı
14508,1088,374,1088:weights,XTR Fitness Profesyonel Olimpik Bar 220 Cm  Rulmanlı
14509,1088,805,1088:crossfit,XTR Fitness Crossfit Halatı Kılıf Korumalı 9m 38mm
14514,1088,375,1088:yoga_pilates,Avec Pilates Mini Ball 25 Cm
14523,1088,377,1088:cardio,Lofoo Sport HW3021 9066 Spin Bike
14526,1088,373,1088:fallback,Powerband Direnç Lastiği ve Egzersiz Bandı Pembe
14535,1088,373,1088:fallback,Powerhand Profesyonel Ağırlık Sehpası
14542,1088,374,1088:weights,XTR Fitness Olimpik Bar Holder Rack Standı 6'lı
14550,1088,662,1088:apparel,Full Power Gym Combat Atlet Kırmızı
14551,1088,662,1088:apparel,Full Power Gym Ragtop Tişört Yeşil
14564,1088,374,1088:weights,XTR Fitness Pro Series El ve Ayak Bilek Ağırlığı 500 gr X 2 Adet
14565,1088,374,1088:weights,XTR Fitness Pro Series El ve Ayak Bilek Ağırlığı 1 Kg X 2 Adet
14566,1088,374,1088:weights,XTR Fitness Pro Series El ve Ayak Bilek Ağırlığı 1500 Gr X 2 Adet
14567,1088,805,1088:crossfit,XTR Fitness Crossfit Halatı Kılıf Korumalı 12m 38mm
14568,1088,375,1088:yoga_pilates,İyogasports Yoga Kemeri Turuncu
14569,1088,375,1088:yoga_pilates,İyogasports Yoga Kemeri Gri
14570,1088,375,1088:yoga_pilates,İyogasports Yoga Kemeri Mavi
14571,1088,662,1088:apparel,Full Power Gym Rag Top Olympia  Serisi Gri
14581,1088,375,1088:yoga_pilates,XTR Fitness Yoga ve Pilates Çorabı
14582,1088,375,1088:yoga_pilates,XTR Fitness Pilates ve Aerobik Bandı 3' lü Set
14590,1088,373,1088:fallback,Olimp Shaker Slim Fit Series Sarı 500 ML
14602,1088,373,1088:fallback,Joinfit Pro Step Tahtası 3 Kademeli
14607,1088,374,1088:weights,Joinfit Pro Dambıl Rack Standı
14608,1088,373,1088:fallback,Joinfit Pro Triceps Halatı
14609,1088,373,1088:fallback,Joinfit Pro Tek El Çekiş Aparatı 2 Adet
14612,1088,374,1088:weights,Joinfit Neoprene Dambıl Gri 3 kg X 2 Adet
14614,1088,805,1088:crossfit,Joinfit Pro Body Power Bungee Cord 355 Cm
14615,1088,375,1088:yoga_pilates,JOINFIT Aerobik ve Direnç Bandı 4'lü Set
14616,1088,805,1088:crossfit,JOINFIT PRO Mini Hurdle Engel Seti 6 Kademe
14628,1088,375,1088:yoga_pilates,Joinfit Pro Yoga Matı High Density (HD) 5 mm
14629,1088,375,1088:yoga_pilates,JOINFIT PRO Doğal Kauçuk Yoga Mat 4.5 MM
14632,1088,375,1088:yoga_pilates,JOINFIT PRO Anti-Burst Yoga ve Pilates Topu 55 Cm  Siyah
14635,1088,373,1088:fallback,Joinfit Bileklik Wrist Straps 2 adet
14636,1088,373,1088:fallback,JOINFIT Katlanabilir Tutunmalı Trambolin 127X113 cm
14637,1088,373,1088:fallback,JOINFIT Direnç Lastiği ve Egzersiz Bandı Pembe-Gri XX-Light
14638,1088,373,1088:fallback,JOINFIT Direnç Lastiği ve Egzersiz Bandı Sarı-Gri X-Light
14639,1088,373,1088:fallback,JOINFIT Direnç Lastiği ve Egzersiz Bandı Mavi-Gri Light
14640,1088,373,1088:fallback,JOINFIT Direnç Lastiği ve Egzersiz Bandı Yeşil-Gri Medium
14641,1088,373,1088:fallback,JOINFIT Direnç Lastiği ve Egzersiz Bandı Turuncu-Gri Heavy
14642,1088,373,1088:fallback,JOINFIT Direnç Lastiği ve Egzersiz Bandı Kırmızı-Gri X-Heavy
14643,1088,373,1088:fallback,JOINFIT Direnç Lastiği ve Egzersiz Bandı Siyah-Gri XX-Heavy
14644,1088,805,1088:crossfit,JOINFIT Pro Crosfit Halatı 9M 38MM Kılıf Korumalı
14645,1088,373,1088:fallback,JOINFIT PRO Ağırlık Kemeri
14646,1088,374,1088:weights,JOINFIT Pro El ve Ayak Bilek Ağırlığı 250 Gr X 2 Adet
14647,1088,374,1088:weights,JOINFIT Pro El ve Ayak Bilek Ağırlığı 500 gr X 2 Adet
14648,1088,374,1088:weights,JOINFIT Pro El ve Ayak Bilek Ağırlığı 750 Gr X 2 Adet
14649,1088,374,1088:weights,"JOINFIT Neoprene Dambıl Kırmızı 0,5 kg  X 2 Adet"
14650,1088,374,1088:weights,"JOINFIT Neoprene Dambıl Sarı 0,75 kg X 2 Adet"
14651,1088,374,1088:weights,JOINFIT Ayarlanabilir Dambıl Seti 24 Kg
14652,1088,373,1088:fallback,JOINFIT Postür Düzeltme ve Bel Destekleme Ağırlık Kemeri
14653,1088,373,1088:fallback,JOINFIT Termal Zayıflama Kemeri
14655,1088,373,1088:fallback,JOINFIT Fitness ve Ağırlık Eldiveni Pembe
14659,1088,375,1088:yoga_pilates,XTR Fitness Kısa Yoga ve Pilates Çorabı
14660,1088,375,1088:yoga_pilates,XTR Fitness Kısa Yoga ve Pilates Çorabı 3'lü Set
14662,1088,373,1088:fallback,Xtreme Fitness Kırmızı Siyah Dizlik
14674,1088,373,1088:fallback,JNX Sports The Curse Skull Shaker 700 ml
14691,1088,381,1088:bottle,Applied Nutrition Lifestyle Suluk 1 Litre
15513,1088,374,1088:weights,"XTR Fitness Pro Series Dambıl 7,5 kg"
15514,1088,375,1088:yoga_pilates,JOINFIT Pro Hip Aerobik ve Egzersiz Bandı Siyah 3 Adet
15516,1088,374,1088:weights,"XTR Fitness Pro Series Dambıl 2,5 kg"
15517,1088,374,1088:weights,XTR Fitness Pro Series Olimpik Plaka 20 Kg
15520,1088,374,1088:weights,"XTR Fitness Pro Series Dambıl 17,5 kg"
15521,1088,374,1088:weights,XTR Fitness Pro Series Dambıl 20 kg
15522,1088,374,1088:weights,XTR Fitness Pro Series Dambıl 5 kg
15523,1088,374,1088:weights,XTR Fitness Pro Series Olimpik Plaka 2.5 Kg
15524,1088,373,1088:fallback,JOINFIT Fitness ve Ağırlık Eldiveni Gri
15527,1088,374,1088:weights,XTR Fitness Pro Series Olimpik Plaka 5 Kg
15528,1088,374,1088:weights,XTR Fitness Pro Series Dambıl 15 kg
15530,1088,374,1088:weights,XTR Fitness Pro Series Olimpik Plaka 10 Kg
15531,1088,374,1088:weights,XTR Fitness Pro Series Dambıl 10 kg
15532,1088,374,1088:weights,"XTR Fitness Pro Series Dambıl 12,5 kg"
15533,1088,374,1088:weights,XTR Fitness Z Barbell (Sabit) 20 Kg
15534,1088,374,1088:weights,XTR Fitness Z Barbell (Sabit) 15 Kg
15535,1088,374,1088:weights,XTR Fitness Barbell Düz (Sabit) 10 Kg
15536,1088,374,1088:weights,XTR Fitness Barbell Düz (Sabit) 30 Kg
15537,1088,374,1088:weights,XTR Fitness Barbell Düz (Sabit) 25 Kg
15538,1088,374,1088:weights,XTR Fitness Z Barbell (Sabit) 30 Kg
15539,1088,374,1088:weights,XTR Fitness Barbell Rack Standı Ağırlıksız
15540,1088,374,1088:weights,XTR Fitness Z Barbell (Sabit) 10 Kg
15541,1088,374,1088:weights,XTR Fitness Barbell Rack Standı Komple Set
15542,1088,374,1088:weights,XTR Fitness Barbell Düz (Sabit) 15 Kg
15543,1088,662,1088:apparel,Olympia Joe Weider Weekend Rag Top Beyaz
15544,1088,374,1088:weights,XTR Fitness Z Barbell (Sabit) 25 Kg
15545,1088,374,1088:weights,XTR Fitness Barbell Düz (Sabit) 20 Kg
15549,1088,373,1088:fallback,Kauçuk Zemin Kaplama (FİYAT BİLGİSİ ALINIZ)
