store_id,store_name,store_status,approved,empty_desc,desc_1_99_chars,thin_total,thin_pct,visible,visible_empty,visible_1_99,visible_thin_total
63,EYB,1,2864,499,73,572,20,1885,286,50,336
58,ProteinMax,1,547,547,0,547,100,258,258,0,258
59,Ceysport,1,890,3,522,525,59,805,3,486,489
60,Speedwa,1,272,255,3,258,94.9,0,0,0,0
57,Provitanya,1,1804,122,26,148,8.2,928,0,17,17
66,"BodyFit Shop",1,856,76,30,106,12.4,420,36,8,44
50,Everlast,1,549,79,11,90,16.4,435,32,5,37
64,Linktech,2,1740,58,0,58,3.3,0,0,0,0
51,"Muscle Pump",1,80,0,57,57,71.3,53,0,42,42
65,Musullu,1,181,13,38,51,28.2,130,10,36,46
41,multiprice,1,387,13,26,39,10.1,335,10,20,30
55,Superstacy,1,466,0,19,19,4.1,443,0,19,19
80,"West Nutrition",1,44,0,18,18,40.9,0,0,0,0
68,ProteinAVM,1,276,1,15,16,5.8,160,0,12,12
61,Herbinatura,1,44,0,7,7,15.9,37,0,7,7
70,"Compex Turkiye",1,140,0,6,6,4.3,86,0,4,4
62,"Rova Batarya",2,528,6,0,6,1.1,0,0,0,0
53,Dekomum,2,216,1,4,5,2.3,0,0,0,0
69,eProtein,0,429,5,0,5,1.2,0,0,0,0
45,"Grand Gift Store",1,55,2,0,2,3.6,42,2,0,2
75,"Animal Türkiye",1,21,1,1,2,9.5,13,0,0,0
76,"Animal Joy",1,48,0,1,1,2.1,45,0,1,1
77,HeynuT,1,46,0,1,1,2.2,43,0,1,1
36,Orcamp,1,2,0,0,0,0,2,0,0,0
48,Dropick,1,73,0,0,0,0,0,0,0,0
49,Norfolk,1,309,0,0,0,0,251,0,0,0
54,"GZL Teknoloji",1,3,0,0,0,0,3,0,0,0
73,Yeşilmarka,1,4,0,0,0,0,4,0,0,0
67,Cresta,1,211,0,0,0,0,157,0,0,0
78,Heyday,1,2,0,0,0,0,2,0,0,0
79,Neptün,1,19,0,0,0,0,17,0,0,0
TOTAL,,,13106,1681,858,2539,19.4,6554,637,708,1345
